<?xml version="1.0" encoding="UTF-8"?>
<project-private xmlns="http://www.netbeans.org/ns/project-private/1">
    <editor-bookmarks xmlns="http://www.netbeans.org/ns/editor-bookmarks/2" lastBookmarkId="0"/>
    <open-files xmlns="http://www.netbeans.org/ns/projectui-open-files/2">
        <group>
            <file>file:/C:/Users/bruno/Downloads/ProjetoRestaurante/ProjetoRestaurante/src/main/Pagamento.java</file>
            <file>file:/C:/Users/bruno/Downloads/ProjetoRestaurante/ProjetoRestaurante/src/main/Pedidos.java</file>
            <file>file:/C:/Users/bruno/Downloads/ProjetoRestaurante/ProjetoRestaurante/src/beans/Mesa.java</file>
            <file>file:/C:/Users/bruno/Downloads/ProjetoRestaurante/ProjetoRestaurante/src/beans/Comida.java</file>
            <file>file:/C:/Users/bruno/Downloads/ProjetoRestaurante/ProjetoRestaurante/src/beans/Bebida.java</file>
            <file>file:/C:/Users/bruno/Downloads/ProjetoRestaurante/ProjetoRestaurante/src/beans/Sobremesas.java</file>
            <file>file:/C:/Users/bruno/Downloads/ProjetoRestaurante/ProjetoRestaurante/src/cozinha/Sobremesa.java</file>
            <file>file:/C:/Users/bruno/Downloads/ProjetoRestaurante/ProjetoRestaurante/src/cozinha/Pedido.java</file>
            <file>file:/C:/Users/bruno/Downloads/ProjetoRestaurante/ProjetoRestaurante/src/cozinha/Menu.java</file>
            <file>file:/C:/Users/bruno/Downloads/ProjetoRestaurante/ProjetoRestaurante/src/cozinha/HistoricoDeVendas.java</file>
            <file>file:/C:/Users/bruno/Downloads/ProjetoRestaurante/ProjetoRestaurante/src/main/Tablet.java</file>
        </group>
    </open-files>
</project-private>
